장소명,주소명,상세페이지
서울시민대학 동남권캠퍼스,"서울특별시 강동구 고덕로 399 (고덕동, 고덕센트럴푸르지오)",https://www.xn--2z1bw8k1pjz5ccumkb.kr/edc/crse/plcdtl.do?&sch_edc_place_id=20210001574
스마트 구로 홍보관,서울특별시 구로구 새말로 지하117-21 (신도림동),https://www.xn--2z1bw8k1pjz5ccumkb.kr/edc/crse/plcdtl.do?&sch_edc_place_id=20190000195
은평구립도서관,서울특별시 은평구 통일로78가길 13-84 (불광동),https://www.xn--2z1bw8k1pjz5ccumkb.kr/edc/crse/plcdtl.do?&sch_edc_place_id=20190000026
헬리오시티APT경로당,"서울특별시 송파구 송파대로 345 (가락동, 헬리오시티)",https://www.xn--2z1bw8k1pjz5ccumkb.kr/edc/crse/plcdtl.do?&sch_edc_place_id=20210002150
강서구립곰달래어르신복지센터,서울특별시 강서구 강서로5길 50 (화곡동),https://www.xn--2z1bw8k1pjz5ccumkb.kr/edc/crse/plcdtl.do?&sch_edc_place_id=20190000088
자양한강도서관,서울특별시 광진구 뚝섬로52길 66 (자양동),https://www.xn--2z1bw8k1pjz5ccumkb.kr/edc/crse/plcdtl.do?&sch_edc_place_id=20200000071
강동구립해공도서관,서울특별시 강동구 올림픽로 702 (천호동),https://www.xn--2z1bw8k1pjz5ccumkb.kr/edc/crse/plcdtl.do?&sch_edc_place_id=20210000915
성현동주민센터(정보화교육장),서울특별시 관악구 구암길 38(봉천동 1712-9) 성현동주민센터 2층 정보화교육장,https://www.xn--2z1bw8k1pjz5ccumkb.kr/edc/crse/plcdtl.do?&sch_edc_place_id=20190000032
도봉동어르신복지관,서울특별시 도봉구 도봉로169가길 52 (도봉동),https://www.xn--2z1bw8k1pjz5ccumkb.kr/edc/crse/plcdtl.do?&sch_edc_place_id=20210000065
구립갈현노인복지관,서울특별시 은평구 통일로89길 12-6 (갈현동),https://www.xn--2z1bw8k1pjz5ccumkb.kr/edc/crse/plcdtl.do?&sch_edc_place_id=20210002395
금천 구청 교육장,서울특별시 금천구 시흥대로73길 70 (시흥동),https://www.xn--2z1bw8k1pjz5ccumkb.kr/edc/crse/plcdtl.do?&sch_edc_place_id=20210000910
성산1동주민센터,서울특별시 마포구 성산로4길 15 (성산동),https://www.xn--2z1bw8k1pjz5ccumkb.kr/edc/crse/plcdtl.do?&sch_edc_place_id=20210002248
유한양행 교육장,서울특별시 동작구 노량진로 74 (대방동),https://www.xn--2z1bw8k1pjz5ccumkb.kr/edc/crse/plcdtl.do?&sch_edc_place_id=20210002134
구립갈현노인복지관,서울특별시 은평구 통일로89길 12-6 (갈현동),https://www.xn--2z1bw8k1pjz5ccumkb.kr/edc/crse/plcdtl.do?&sch_edc_place_id=20190000010
메리워드지역아동센터,"서울특별시 구로구 고척로 49 (오류동, 동부골든아파트)",https://www.xn--2z1bw8k1pjz5ccumkb.kr/edc/crse/plcdtl.do?&sch_edc_place_id=20210002395
중랑상봉도서관,서울특별시 중랑구 동일로114길 10 (상봉동),https://www.xn--2z1bw8k1pjz5ccumkb.kr/edc/crse/plcdtl.do?&sch_edc_place_id=20210001088
창동주공19단지A 경로당,"서울특별시 도봉구 노해로70길 54 (창동, 주공19단지아파트)",https://www.xn--2z1bw8k1pjz5ccumkb.kr/edc/crse/plcdtl.do?&sch_edc_place_id=20210001127
시립강동노인종합복지관,서울특별시 강동구 동남로71길 32-5 (명일동),https://www.xn--2z1bw8k1pjz5ccumkb.kr/edc/crse/plcdtl.do?&sch_edc_place_id=20210001070
송파복지센터,서울특별시 송파구 충민로 184 (장지동),https://www.xn--2z1bw8k1pjz5ccumkb.kr/edc/crse/plcdtl.do?&sch_edc_place_id=20210002400
마포평생학습관 아현분관,서울특별시 마포구 마포대로 224 (아현동),https://www.xn--2z1bw8k1pjz5ccumkb.kr/edc/crse/plcdtl.do?&sch_edc_place_id=20210002335
광진정보도서관,서울특별시 광진구 아차산로78길 90 (광장동),https://www.xn--2z1bw8k1pjz5ccumkb.kr/edc/crse/plcdtl.do?&sch_edc_place_id=20210002494
모랫말어르신복지센터,서울특별시 영등포구 도영로 41 (도림동),https://www.xn--2z1bw8k1pjz5ccumkb.kr/edc/crse/plcdtl.do?&sch_edc_place_id=20190000083
서초구립양재종합사회복지관,서울특별시 서초구 남부순환로 2610 (양재동),https://www.xn--2z1bw8k1pjz5ccumkb.kr/edc/crse/plcdtl.do?&sch_edc_place_id=20190000074
번동2단지 종합사회 복지관,"서울특별시 강북구 한천로105길 24 (번동, 번동2단지주공아파트)",https://www.xn--2z1bw8k1pjz5ccumkb.kr/edc/crse/plcdtl.do?&sch_edc_place_id=20200000087
번동2단지 종합사회 복지관,"서울특별시 강북구 한천로105길 24 (번동, 번동2단지주공아파트)",https://www.xn--2z1bw8k1pjz5ccumkb.kr/edc/crse/plcdtl.do?&sch_edc_place_id=20190000184
성동구청 5층 배움터교육장,서울특별시 성동구 고산자로 270 (행당동),https://www.xn--2z1bw8k1pjz5ccumkb.kr/edc/crse/plcdtl.do?&sch_edc_place_id=20210002133
장애여성 인력개발센터,서울특별시 강서구 화곡로 346 (화곡동),https://www.xn--2z1bw8k1pjz5ccumkb.kr/edc/crse/plcdtl.do?&sch_edc_place_id=20190000076
고덕3단지 SH작은도서관,"서울특별시 강동구 상일로 74 (상일동, 고덕리엔파크3단지아파트)",https://www.xn--2z1bw8k1pjz5ccumkb.kr/edc/crse/plcdtl.do?&sch_edc_place_id=20210002324
시립발달장애인복지관,서울특별시 동작구 여의대방로20나길 39 (신대방동),https://www.xn--2z1bw8k1pjz5ccumkb.kr/edc/crse/plcdtl.do?&sch_edc_place_id=20210001122
우리마포복지관,서울특별시 마포구 신촌로26길 10 (노고산동),https://www.xn--2z1bw8k1pjz5ccumkb.kr/edc/crse/plcdtl.do?&sch_edc_place_id=20200000084
청학경로당,서울특별시 도봉구 도당로13라길 104-4 (방학동),https://www.xn--2z1bw8k1pjz5ccumkb.kr/edc/crse/plcdtl.do?&sch_edc_place_id=20210002571
강서노인종합복지관,서울특별시 강서구 화곡로61길 85 (등촌동),https://www.xn--2z1bw8k1pjz5ccumkb.kr/edc/crse/plcdtl.do?&sch_edc_place_id=20210000691
서울노인복지센터,서울특별시 종로구 삼일대로 467 (경운동),https://www.xn--2z1bw8k1pjz5ccumkb.kr/edc/crse/plcdtl.do?&sch_edc_place_id=20210000911
신월4동주민센터,서울특별시 양천구 오목로5길 34 (신월동),https://www.xn--2z1bw8k1pjz5ccumkb.kr/edc/crse/plcdtl.do?&sch_edc_place_id=20190000206
장위실버복지센터,서울특별시 성북구 한천로 708 장위어르신행복지원센터 3층,https://www.xn--2z1bw8k1pjz5ccumkb.kr/edc/crse/plcdtl.do?&sch_edc_place_id=20210000123
강서뉴미디어지원센터,서울특별시 강서구 우장산로 66 (내발산동),https://www.xn--2z1bw8k1pjz5ccumkb.kr/edc/crse/plcdtl.do?&sch_edc_place_id=20210001345
종로노인종합 사회복지관,서울특별시 종로구 율곡로19길 17-8 (이화동),https://www.xn--2z1bw8k1pjz5ccumkb.kr/edc/crse/plcdtl.do?&sch_edc_place_id=20210000911
도봉이숨터,서울특별시 도봉구 도봉로170길 2 (도봉동),https://www.xn--2z1bw8k1pjz5ccumkb.kr/edc/crse/plcdtl.do?&sch_edc_place_id=20210001345
서울발달장애인훈련센터,서울특별시 동대문구 왕산로23길 55 (제기동),https://www.xn--2z1bw8k1pjz5ccumkb.kr/edc/crse/plcdtl.do?&sch_edc_place_id=20190000096
서초IT배움센터,서울특별시 서초구 강남대로 221 (양재동),https://www.xn--2z1bw8k1pjz5ccumkb.kr/edc/crse/plcdtl.do?&sch_edc_place_id=20190000146
강서뉴미디어지원센터,서울특별시 강서구 우장산로 66 (내발산동),https://www.xn--2z1bw8k1pjz5ccumkb.kr/edc/crse/plcdtl.do?&sch_edc_place_id=20200000077
구립동대문장애인종합복지관,서울특별시 동대문구 청계천로 521 (용두동),https://www.xn--2z1bw8k1pjz5ccumkb.kr/edc/crse/plcdtl.do?&sch_edc_place_id=20210002123
참나무 배움터,서울특별시 용산구 새창로12길 11-18 (도원동),https://www.xn--2z1bw8k1pjz5ccumkb.kr/edc/crse/plcdtl.do?&sch_edc_place_id=20210002142
상월곡실버복지센터,서울특별시 성북구 화랑로18길 6 (상월곡동),https://www.xn--2z1bw8k1pjz5ccumkb.kr/edc/crse/plcdtl.do?&sch_edc_place_id=20190000086
강남노인종합복지관,서울특별시 강남구 삼성로 628 (삼성동),https://www.xn--2z1bw8k1pjz5ccumkb.kr/edc/crse/plcdtl.do?&sch_edc_place_id=20190000027
시립도봉노인종합복지관,서울특별시 도봉구 도당로2길 12-13,https://www.xn--2z1bw8k1pjz5ccumkb.kr/edc/crse/plcdtl.do?&sch_edc_place_id=20210002124
시립성북노인종합복지관,서울특별시 성북구 종암로 15길 10,https://www.xn--2z1bw8k1pjz5ccumkb.kr/edc/crse/plcdtl.do?&sch_edc_place_id=20210002139
서울시민청 스마트서울전시관,서울특별시 중구 세종대로 110 (태평로1가),https://www.xn--2z1bw8k1pjz5ccumkb.kr/edc/crse/plcdtl.do?&sch_edc_place_id=20210000652
시립도봉노인종합복지관,서울특별시 도봉구 도당로2길 12-13,https://www.xn--2z1bw8k1pjz5ccumkb.kr/edc/crse/plcdtl.do?&sch_edc_place_id=20190000096
양천어르신종합복지관,서울특별시 양천구 목동로3길 106 (신정동),https://www.xn--2z1bw8k1pjz5ccumkb.kr/edc/crse/plcdtl.do?&sch_edc_place_id=20190000205
서초구보훈회관,서울특별시 서초구 방배로27길 13 (방배동),https://www.xn--2z1bw8k1pjz5ccumkb.kr/edc/crse/plcdtl.do?&sch_edc_place_id=20190000146
영등포동자치회관,서울특별시 영등포구 국회대로44길 4 (영등포동7가),https://www.xn--2z1bw8k1pjz5ccumkb.kr/edc/crse/plcdtl.do?&sch_edc_place_id=20210000112
강서구립봉제산어르신복지센터,서울특별시 강서구 초록마을로15길 12 (화곡동),https://www.xn--2z1bw8k1pjz5ccumkb.kr/edc/crse/plcdtl.do?&sch_edc_place_id=20210002223
왕십리 도선동 주민센터3층 배움터교육장,서울특별시 성동구 마장로 141 (상왕십리동),https://www.xn--2z1bw8k1pjz5ccumkb.kr/edc/crse/plcdtl.do?&sch_edc_place_id=20190000027
시립강북노인종합복지관,서울특별시 강북구 삼양로92길 40 (수유동),https://www.xn--2z1bw8k1pjz5ccumkb.kr/edc/crse/plcdtl.do?&sch_edc_place_id=20190000086
금천어르신복지센터,서울특별시 금천구 범안로17길 22 (독산동),https://www.xn--2z1bw8k1pjz5ccumkb.kr/edc/crse/plcdtl.do?&sch_edc_place_id=20200000075
마포구청 배움터교육장,서울특별시 마포구 월드컵로 212 (성산동),https://www.xn--2z1bw8k1pjz5ccumkb.kr/edc/crse/plcdtl.do?&sch_edc_place_id=20210002142
서초여성가족플라자 서초센터,서울특별시 서초구 서운로26길 3 (서초동),https://www.xn--2z1bw8k1pjz5ccumkb.kr/edc/crse/plcdtl.do?&sch_edc_place_id=20210002123
시립용산노인종합복지관,서울특별시 용산구 독서당로11길 16 (한남동),https://www.xn--2z1bw8k1pjz5ccumkb.kr/edc/crse/plcdtl.do?&sch_edc_place_id=20200000077
염창지역정보센터,서울특별시 강서구 공항대로61길 50 (염창동),https://www.xn--2z1bw8k1pjz5ccumkb.kr/edc/crse/plcdtl.do?&sch_edc_place_id=20190000113
시립강북노인종합복지관,서울특별시 강북구 삼양로92길 40 (수유동),https://www.xn--2z1bw8k1pjz5ccumkb.kr/edc/crse/plcdtl.do?&sch_edc_place_id=20200000083
양천어르신종합복지관,서울특별시 양천구 목동로3길 106 (신정동),https://www.xn--2z1bw8k1pjz5ccumkb.kr/edc/crse/plcdtl.do?&sch_edc_place_id=20190000198
염창지역정보센터,서울특별시 강서구 공항대로61길 50 (염창동),https://www.xn--2z1bw8k1pjz5ccumkb.kr/edc/crse/plcdtl.do?&sch_edc_place_id=20210002372
시립용산노인종합복지관,서울특별시 용산구 독서당로11길 16 (한남동),https://www.xn--2z1bw8k1pjz5ccumkb.kr/edc/crse/plcdtl.do?&sch_edc_place_id=20210002126
구립불광노인복지관,서울특별시 은평구 연서로32길 17-11 (불광동),https://www.xn--2z1bw8k1pjz5ccumkb.kr/edc/crse/plcdtl.do?&sch_edc_place_id=20210000813
성동구립금호도서관,서울특별시 성동구 난계로 20 (금호동1가),https://www.xn--2z1bw8k1pjz5ccumkb.kr/edc/crse/plcdtl.do?&sch_edc_place_id=20210001094
난곡마을 협동조합 정보실,서울특별시 관악구 난곡로24가길 53 (신림동),https://www.xn--2z1bw8k1pjz5ccumkb.kr/edc/crse/plcdtl.do?&sch_edc_place_id=20190000064
목동어르신복지관,서울특별시 양천구 목동중앙로3길 21 (목동),https://www.xn--2z1bw8k1pjz5ccumkb.kr/edc/crse/plcdtl.do?&sch_edc_place_id=20190000018
흑석동 주민센터,서울특별시 동작구 흑석한강로 11 (흑석동),https://www.xn--2z1bw8k1pjz5ccumkb.kr/edc/crse/plcdtl.do?&sch_edc_place_id=20210002311
구세군 강북종합사회복지관,서울특별시 강북구 인수봉로20가길 24 (미아동),https://www.xn--2z1bw8k1pjz5ccumkb.kr/edc/crse/plcdtl.do?&sch_edc_place_id=20210002145
구립용마경로복지센터,서울특별시 중랑구 용마산로94길 98 (면목동),https://www.xn--2z1bw8k1pjz5ccumkb.kr/edc/crse/plcdtl.do?&sch_edc_place_id=20210001090
함사람지역아동센터,서울특별시 구로구 경서로 82-14 (고척동),https://www.xn--2z1bw8k1pjz5ccumkb.kr/edc/crse/plcdtl.do?&sch_edc_place_id=20210002137
마천종합사회복지관,서울특별시 송파구 마천로65길 4 (마천동),https://www.xn--2z1bw8k1pjz5ccumkb.kr/edc/crse/plcdtl.do?&sch_edc_place_id=20210002215
북아현동 자치회관(302호),서울특별시 서대문구 북아현로 24 (북아현동),https://www.xn--2z1bw8k1pjz5ccumkb.kr/edc/crse/plcdtl.do?&sch_edc_place_id=20210002286
송파종합사회복지관,서울특별시 송파구 오금로51길 34 (거여동),https://www.xn--2z1bw8k1pjz5ccumkb.kr/edc/crse/plcdtl.do?&sch_edc_place_id=20210002516
신내경로복지센터,서울특별시 중랑구 망우로65길 20 (신내동),https://www.xn--2z1bw8k1pjz5ccumkb.kr/edc/crse/plcdtl.do?&sch_edc_place_id=20190000098
홍은1동 자치회관,서울특별시 서대문구 세검정로1길 45 (홍은동),https://www.xn--2z1bw8k1pjz5ccumkb.kr/edc/crse/plcdtl.do?&sch_edc_place_id=20190000166
강북보훈회관,서울특별시 강북구 오패산로 290-1 (미아동),https://www.xn--2z1bw8k1pjz5ccumkb.kr/edc/crse/plcdtl.do?&sch_edc_place_id=20200000083
종로장애인복지관,서울특별시 종로구 자하문로 89 (신교동),https://www.xn--2z1bw8k1pjz5ccumkb.kr/edc/crse/plcdtl.do?&sch_edc_place_id=20190000198
사당4동 도시재생현장지원센터,서울특별시 동작구 사당로14길 66 (사당동),https://www.xn--2z1bw8k1pjz5ccumkb.kr/edc/crse/plcdtl.do?&sch_edc_place_id=20210000813
강서구립화곡어르신복지센터,서울특별시 강서구 월정로30길 96 (화곡동),https://www.xn--2z1bw8k1pjz5ccumkb.kr/edc/crse/plcdtl.do?&sch_edc_place_id=20210001094
도암어울마루,서울특별시 노원구 덕릉로126나길 14 (상계동),https://www.xn--2z1bw8k1pjz5ccumkb.kr/edc/crse/plcdtl.do?&sch_edc_place_id=20210002126
강동 또바기작은도서관,"서울특별시 강동구 아리수로98길 25 (강일동, 강일리버파크7단지아파트)",https://www.xn--2z1bw8k1pjz5ccumkb.kr/edc/crse/plcdtl.do?&sch_edc_place_id=20210002323
중림종합사회복지관,서울특별시 중구 서소문로6길 16 (중림동),https://www.xn--2z1bw8k1pjz5ccumkb.kr/edc/crse/plcdtl.do?&sch_edc_place_id=20190000018
상계종합사회복지관,서울특별시 노원구 덕릉로115나길 25 상계종합사회복지관,https://www.xn--2z1bw8k1pjz5ccumkb.kr/edc/crse/plcdtl.do?&sch_edc_place_id=20210001093
양천구50플러스센터,서울특별시 양천구 남부순환로83길 53 (신월동),https://www.xn--2z1bw8k1pjz5ccumkb.kr/edc/crse/plcdtl.do?&sch_edc_place_id=20210000913
꿈나래지역아동센터,서울특별시 구로구 고척로6길 29 (오류동),https://www.xn--2z1bw8k1pjz5ccumkb.kr/edc/crse/plcdtl.do?&sch_edc_place_id=20210000565
사당어르신종합복지관,서울특별시 동작구 남부순환로 2081 (사당동),https://www.xn--2z1bw8k1pjz5ccumkb.kr/edc/crse/plcdtl.do?&sch_edc_place_id=20200000085
응암정보도서관,서울특별시 은평구 가좌로7길 15 (응암동),https://www.xn--2z1bw8k1pjz5ccumkb.kr/edc/crse/plcdtl.do?&sch_edc_place_id=20210002516
옥수종합사회복지관,서울특별시 성동구 한림말길 16-5 (옥수동),https://www.xn--2z1bw8k1pjz5ccumkb.kr/edc/crse/plcdtl.do?&sch_edc_place_id=20210002427
유락종합사회복지관,서울특별시 중구 퇴계로 460 (신당동),https://www.xn--2z1bw8k1pjz5ccumkb.kr/edc/crse/plcdtl.do?&sch_edc_place_id=20210002214
서대문구 노인종합복지관,서울특별시 서대문구 독립문로8길 57 (천연동),https://www.xn--2z1bw8k1pjz5ccumkb.kr/edc/crse/plcdtl.do?&sch_edc_place_id=20210002391
성동노인종합복지관,서울특별시 성동구 마조로 77 (마장동),https://www.xn--2z1bw8k1pjz5ccumkb.kr/edc/crse/plcdtl.do?&sch_edc_place_id=20210002405
성동장애인종합복지관,서울특별시 성동구 청계천로 506 (마장동),https://www.xn--2z1bw8k1pjz5ccumkb.kr/edc/crse/plcdtl.do?&sch_edc_place_id=20210001080
청파노인복지관,서울특별시 용산구 청파로83길 26 (서계동),https://www.xn--2z1bw8k1pjz5ccumkb.kr/edc/crse/plcdtl.do?&sch_edc_place_id=20190000063
양평2동 주민센터,서울특별시 영등포구 선유로47길 30 (양평동4가),https://www.xn--2z1bw8k1pjz5ccumkb.kr/edc/crse/plcdtl.do?&sch_edc_place_id=20210000909
양평2동 주민센터,서울특별시 영등포구 선유로47길 30 (양평동4가),https://www.xn--2z1bw8k1pjz5ccumkb.kr/edc/crse/plcdtl.do?&sch_edc_place_id=20190000016
구립시흥노인교실,서울특별시 금천구 금하로23다길 8 (시흥동),https://www.xn--2z1bw8k1pjz5ccumkb.kr/edc/crse/plcdtl.do?&sch_edc_place_id=20190000197
송파실벗뜨락,서울특별시 송파구 백제고분로42길 5 (송파동),https://www.xn--2z1bw8k1pjz5ccumkb.kr/edc/crse/plcdtl.do?&sch_edc_place_id=20210001648
노원구 평생교육원 장미실습장,"서울특별시 노원구 섬밭로 196 (하계동, 장미아파트)",https://www.xn--2z1bw8k1pjz5ccumkb.kr/edc/crse/plcdtl.do?&sch_edc_place_id=20190000215
행복둥지 작은도서관,서울특별시 양천구 신월로24길 8 (신월동),https://www.xn--2z1bw8k1pjz5ccumkb.kr/edc/crse/plcdtl.do?&sch_edc_place_id=20210001662
올림픽수영장 문화센터,서울특별시 송파구 올림픽로 424 (방이동),https://www.xn--2z1bw8k1pjz5ccumkb.kr/edc/crse/plcdtl.do?&sch_edc_place_id=20210000104
동대문더퍼스트데시앙A경로당,"서울특별시 동대문구 장한로27가길 37 (장안동, 동대문더퍼스트데시앙)",https://www.xn--2z1bw8k1pjz5ccumkb.kr/edc/crse/plcdtl.do?&sch_edc_place_id=20210001670
서서울어르신복지관,서울특별시 양천구 가로공원로60가길 16 (신월동),https://www.xn--2z1bw8k1pjz5ccumkb.kr/edc/crse/plcdtl.do?&sch_edc_place_id=20210000131
시립중랑노인종합복지관,서울특별시 중랑구 겸재로9길 45 (면목동),https://www.xn--2z1bw8k1pjz5ccumkb.kr/edc/crse/plcdtl.do?&sch_edc_place_id=20210001111
석관실버복지센터,서울특별시 성북구 화랑로32길 88 (석관동),https://www.xn--2z1bw8k1pjz5ccumkb.kr/edc/crse/plcdtl.do?&sch_edc_place_id=20210001642
창동아우르네,서울특별시 도봉구 마들로13길 84 (창동),https://www.xn--2z1bw8k1pjz5ccumkb.kr/edc/crse/plcdtl.do?&sch_edc_place_id=20210002059
휘경 주민센터,서울특별시 동대문구 외대역동로6길 3 (휘경동),https://www.xn--2z1bw8k1pjz5ccumkb.kr/edc/crse/plcdtl.do?&sch_edc_place_id=20210002143
갈월종합사회복지관,서울특별시 용산구 두텁바위로 25 (갈월동),https://www.xn--2z1bw8k1pjz5ccumkb.kr/edc/crse/plcdtl.do?&sch_edc_place_id=20190000044
광진 이튼타워 경로당,"서울특별시 광진구 능동로 18 (자양동, 이튼타워리버3차)",https://www.xn--2z1bw8k1pjz5ccumkb.kr/edc/crse/plcdtl.do?&sch_edc_place_id=20210002425
강동마을미디어지원센터,서울특별시 강동구 올림픽로 752 (천호동),https://www.xn--2z1bw8k1pjz5ccumkb.kr/edc/crse/plcdtl.do?&sch_edc_place_id=20190000197
천연동 자치회관 4층 학습실,서울특별시 서대문구 독립문로 15-7 (영천동),https://www.xn--2z1bw8k1pjz5ccumkb.kr/edc/crse/plcdtl.do?&sch_edc_place_id=20210002432
도봉동어르신복지관[체험존],서울특별시 도봉구 도봉로169가길 52 (도봉동),https://www.xn--2z1bw8k1pjz5ccumkb.kr/edc/crse/plcdtl.do?&sch_edc_place_id=20190000215
신내2동 동주민센터 IT융합교육장,서울특별시 중랑구 봉화산로 190 (관상복합청사지하1층),https://www.xn--2z1bw8k1pjz5ccumkb.kr/edc/crse/plcdtl.do?&sch_edc_place_id=20210000104
독산2동주민센터[체험존],서울특별시 금천구 독산로 179 (독산동),https://www.xn--2z1bw8k1pjz5ccumkb.kr/edc/crse/plcdtl.do?&sch_edc_place_id=20190000084
관악구장애인종합복지관,서울특별시 관악구 남부순환로 1914 (봉천동),https://www.xn--2z1bw8k1pjz5ccumkb.kr/edc/crse/plcdtl.do?&sch_edc_place_id=20210000131
성북장애인단체연합회,서울특별시 성북구 오패산로3길 95 (하월곡동),https://www.xn--2z1bw8k1pjz5ccumkb.kr/edc/crse/plcdtl.do?&sch_edc_place_id=20210002136
시립마포노인종합복지관,서울특별시 마포구 서강로 68 (창전동),https://www.xn--2z1bw8k1pjz5ccumkb.kr/edc/crse/plcdtl.do?&sch_edc_place_id=20210001671
강감찬관악종합사회복지관,서울특별시 관악구 양녕로 74 (봉천동),https://www.xn--2z1bw8k1pjz5ccumkb.kr/edc/crse/plcdtl.do?&sch_edc_place_id=20210002140
성내종합사회복지관,서울특별시 강동구 성안로 13길 56(성내동),https://www.xn--2z1bw8k1pjz5ccumkb.kr/edc/crse/plcdtl.do?&sch_edc_place_id=20210002180
구로노인종합복지관,서울특별시 구로구 새말로16길 7 (구로동),https://www.xn--2z1bw8k1pjz5ccumkb.kr/edc/crse/plcdtl.do?&sch_edc_place_id=20210001478
강서구립곰달래어르신복지센터[체험존],서울특별시 강서구 강서로5길 50 (화곡동),https://www.xn--2z1bw8k1pjz5ccumkb.kr/edc/crse/plcdtl.do?&sch_edc_place_id=20210001621
은평문화예술회관,서울특별시 은평구 녹번로 16 (녹번동),https://www.xn--2z1bw8k1pjz5ccumkb.kr/edc/crse/plcdtl.do?&sch_edc_place_id=20210001114
광진 이튼타워 경로당,"서울특별시 광진구 능동로 18 (자양동, 이튼타워리버3차)",https://www.xn--2z1bw8k1pjz5ccumkb.kr/edc/crse/plcdtl.do?&sch_edc_place_id=20210001646
강동마을미디어지원센터,서울특별시 강동구 올림픽로 752 (천호동),https://www.xn--2z1bw8k1pjz5ccumkb.kr/edc/crse/plcdtl.do?&sch_edc_place_id=20190000063
도봉동어르신복지관[체험존],서울특별시 도봉구 도봉로169가길 52 (도봉동),https://www.xn--2z1bw8k1pjz5ccumkb.kr/edc/crse/plcdtl.do?&sch_edc_place_id=20210002184
독산2동주민센터[체험존],서울특별시 금천구 독산로 179 (독산동),https://www.xn--2z1bw8k1pjz5ccumkb.kr/edc/crse/plcdtl.do?&sch_edc_place_id=20210001668
성동구립 사근동노인복지센터,서울특별시 성동구 사근동길 37 (사근동),https://www.xn--2z1bw8k1pjz5ccumkb.kr/edc/crse/plcdtl.do?&sch_edc_place_id=20190000016
영등포어르신복지센터,서울특별시 영등포구 도영로22길 36 (영등포동),https://www.xn--2z1bw8k1pjz5ccumkb.kr/edc/crse/plcdtl.do?&sch_edc_place_id=20210001673
구립응암노인복지관,서울특별시 은평구 응암로21가길 5-1,https://www.xn--2z1bw8k1pjz5ccumkb.kr/edc/crse/plcdtl.do?&sch_edc_place_id=20210002141
자양종합사회복지관,서울특별시 광진구 자양번영로 35 (자양동),https://www.xn--2z1bw8k1pjz5ccumkb.kr/edc/crse/plcdtl.do?&sch_edc_place_id=20210002120
신당누리센터 누리도서관,서울특별시 중구 다산로33길 3 (신당동),https://www.xn--2z1bw8k1pjz5ccumkb.kr/edc/crse/plcdtl.do?&sch_edc_place_id=20190000216
신목종합사회복지관,"서울특별시 양천구 신목로 5 (신정동, 목동삼성아파트)",https://www.xn--2z1bw8k1pjz5ccumkb.kr/edc/crse/plcdtl.do?&sch_edc_place_id=20210000106
동대문노인종합복지관,서울특별시 동대문구 제기로33길 25 (청량리동),https://www.xn--2z1bw8k1pjz5ccumkb.kr/edc/crse/plcdtl.do?&sch_edc_place_id=20210002432
한국복지정보통신협의회(강북)[체험존],서울특별시 강북구 솔매로50길 43 (미아동),https://www.xn--2z1bw8k1pjz5ccumkb.kr/edc/crse/plcdtl.do?&sch_edc_place_id=20190000221
은평문화예술회관,서울특별시 은평구 녹번로 16 (녹번동),https://www.xn--2z1bw8k1pjz5ccumkb.kr/edc/crse/plcdtl.do?&sch_edc_place_id=20210000140
서초여성가족플라자 서초센터[체험존],서울특별시 서초구 서운로26길 3 (서초동),https://www.xn--2z1bw8k1pjz5ccumkb.kr/edc/crse/plcdtl.do?&sch_edc_place_id=20190000186
자양종합사회복지관,서울특별시 광진구 자양번영로 35 (자양동),https://www.xn--2z1bw8k1pjz5ccumkb.kr/edc/crse/plcdtl.do?&sch_edc_place_id=20210002303
서초구립방배2동제2경로당,서울특별시 서초구 방배천로16길 5 (방배동),https://www.xn--2z1bw8k1pjz5ccumkb.kr/edc/crse/plcdtl.do?&sch_edc_place_id=20210000064
성북노인종합복지관[체험존],서울특별시 성북구 종암로15길 10 (종암동),https://www.xn--2z1bw8k1pjz5ccumkb.kr/edc/crse/plcdtl.do?&sch_edc_place_id=20210002425
성동구립 사근동노인복지센터,서울특별시 성동구 사근동길 37 (사근동),https://www.xn--2z1bw8k1pjz5ccumkb.kr/edc/crse/plcdtl.do?&sch_edc_place_id=20210000909
에코미래학습코칭센터,서울특별시 강서구 마곡서로 56 (마곡동),https://www.xn--2z1bw8k1pjz5ccumkb.kr/edc/crse/plcdtl.do?&sch_edc_place_id=20210001080
영등포어르신복지센터,서울특별시 영등포구 도영로22길 36 (영등포동),https://www.xn--2z1bw8k1pjz5ccumkb.kr/edc/crse/plcdtl.do?&sch_edc_place_id=20210001662
강남노인종합복지관[체험존],서울특별시 강남구 삼성로 628 (삼성동),https://www.xn--2z1bw8k1pjz5ccumkb.kr/edc/crse/plcdtl.do?&sch_edc_place_id=20210001111
강감찬관악종합사회복지관,서울특별시 관악구 양녕로 74 (봉천동),https://www.xn--2z1bw8k1pjz5ccumkb.kr/edc/crse/plcdtl.do?&sch_edc_place_id=20210001092
시립용산노인종합복지관 [체험존],서울특별시 용산구 독서당로11길 16 (한남동),https://www.xn--2z1bw8k1pjz5ccumkb.kr/edc/crse/plcdtl.do?&sch_edc_place_id=20190000072
한국복지정보통신협의회(강북)[체험존],서울특별시 강북구 솔매로50길 43 (미아동),https://www.xn--2z1bw8k1pjz5ccumkb.kr/edc/crse/plcdtl.do?&sch_edc_place_id=20210000938
구로파랑새지역아동센터,서울특별시 구로구 구로동로38길 32 (구로동),https://www.xn--2z1bw8k1pjz5ccumkb.kr/edc/crse/plcdtl.do?&sch_edc_place_id=20210002120
신당누리센터 누리도서관,서울특별시 중구 다산로33길 3 (신당동),https://www.xn--2z1bw8k1pjz5ccumkb.kr/edc/crse/plcdtl.do?&sch_edc_place_id=20210001124
구립신내노인종합복지관,서울특별시 중랑구 신내로15길 175 (신내동),https://www.xn--2z1bw8k1pjz5ccumkb.kr/edc/crse/plcdtl.do?&sch_edc_place_id=20210001656
스마트 구로 홍보관[체험존],서울특별시 구로구 새말로 지하117-21 (신도림동),https://www.xn--2z1bw8k1pjz5ccumkb.kr/edc/crse/plcdtl.do?&sch_edc_place_id=20210002184
증산동주민센터,서울특별시 은평구 증산서길 89 (증산동),https://www.xn--2z1bw8k1pjz5ccumkb.kr/edc/crse/plcdtl.do?&sch_edc_place_id=20190000217
공릉종합사회복지관,"서울특별시 노원구 동일로 1127 (공릉동, 공릉1단지아파트)",https://www.xn--2z1bw8k1pjz5ccumkb.kr/edc/crse/plcdtl.do?&sch_edc_place_id=20210001667
동작구장애인가족지원센터,"서울특별시 동작구 보라매로5가길 16 (신대방동, 보라매아카데미타워)",https://www.xn--2z1bw8k1pjz5ccumkb.kr/edc/crse/plcdtl.do?&sch_edc_place_id=20210001668
서초여성가족플라자 서초센터[체험존],서울특별시 서초구 서운로26길 3 (서초동),https://www.xn--2z1bw8k1pjz5ccumkb.kr/edc/crse/plcdtl.do?&sch_edc_place_id=20210001673
서대문구 노인지회,서울특별시 서대문구 통일로 484 (홍제동),https://www.xn--2z1bw8k1pjz5ccumkb.kr/edc/crse/plcdtl.do?&sch_edc_place_id=20210002141
성북노인종합복지관[체험존],서울특별시 성북구 종암로15길 10 (종암동),https://www.xn--2z1bw8k1pjz5ccumkb.kr/edc/crse/plcdtl.do?&sch_edc_place_id=20190000197
에코미래학습코칭센터,서울특별시 강서구 마곡서로 56 (마곡동),https://www.xn--2z1bw8k1pjz5ccumkb.kr/edc/crse/plcdtl.do?&sch_edc_place_id=20210002059
강남노인종합복지관[체험존],서울특별시 강남구 삼성로 628 (삼성동),https://www.xn--2z1bw8k1pjz5ccumkb.kr/edc/crse/plcdtl.do?&sch_edc_place_id=20210002143
서초구립방배2동제2경로당,서울특별시 서초구 방배천로16길 5 (방배동),https://www.xn--2z1bw8k1pjz5ccumkb.kr/edc/crse/plcdtl.do?&sch_edc_place_id=20190000215
시립동작노인종합복지관,서울특별시 동작구 상도로11길 7 (대방동),https://www.xn--2z1bw8k1pjz5ccumkb.kr/edc/crse/plcdtl.do?&sch_edc_place_id=20210002318
시립광진노인종합복지관,서울특별시 광진구 군자로88,https://www.xn--2z1bw8k1pjz5ccumkb.kr/edc/crse/plcdtl.do?&sch_edc_place_id=20210000654
성동구립금호도서관[체험존],서울특별시 성동구 난계로 20 (금호동1가),https://www.xn--2z1bw8k1pjz5ccumkb.kr/edc/crse/plcdtl.do?&sch_edc_place_id=20210002428
마들종합사회복지관,"서울특별시 노원구 동일로210길 22 (중계동, 중계주공1단지아파트)",https://www.xn--2z1bw8k1pjz5ccumkb.kr/edc/crse/plcdtl.do?&sch_edc_place_id=20210001083
한국여성생활연구원,서울특별시 중구 명동길 80 (명동2가),https://www.xn--2z1bw8k1pjz5ccumkb.kr/edc/crse/plcdtl.do?&sch_edc_place_id=20210000827
은평구립역촌노인복지관[체험존],서울특별시 은평구 연서로3나길 11-30 (역촌동),https://www.xn--2z1bw8k1pjz5ccumkb.kr/edc/crse/plcdtl.do?&sch_edc_place_id=20210002393
여의도어르신복지센터[체험존],서울특별시 영등포구 여의대방로 372 (여의도동),https://www.xn--2z1bw8k1pjz5ccumkb.kr/edc/crse/plcdtl.do?&sch_edc_place_id=20210001102
시니어행복발전센터,서울특별시 영등포구 디지털로 441 (대림동),https://www.xn--2z1bw8k1pjz5ccumkb.kr/edc/crse/plcdtl.do?&sch_edc_place_id=20210000141
동작구장애인가족지원센터[체험존],"서울특별시 동작구 보라매로5가길 16 (신대방동, 보라매아카데미타워)",https://www.xn--2z1bw8k1pjz5ccumkb.kr/edc/crse/plcdtl.do?&sch_edc_place_id=20210001123
한국여성생활연구원,서울특별시 중구 명동길 80 (명동2가),https://www.xn--2z1bw8k1pjz5ccumkb.kr/edc/crse/plcdtl.do?&sch_edc_place_id=20210001651
서울시민대학 동남권캠퍼스[체험존],"서울특별시 강동구 고덕로 399 (고덕동, 고덕센트럴푸르지오)",https://www.xn--2z1bw8k1pjz5ccumkb.kr/edc/crse/plcdtl.do?&sch_edc_place_id=20210002180
우신지역아동센터,"서울특별시 구로구 오리로 1265 (궁동, 우신빌라)",https://www.xn--2z1bw8k1pjz5ccumkb.kr/edc/crse/plcdtl.do?&sch_edc_place_id=20210001665
시니어행복발전센터,서울특별시 영등포구 디지털로 441 (대림동),https://www.xn--2z1bw8k1pjz5ccumkb.kr/edc/crse/plcdtl.do?&sch_edc_place_id=20210002136
독산2동주민센터,서울특별시 금천구 독산로 179 (독산동),https://www.xn--2z1bw8k1pjz5ccumkb.kr/edc/crse/plcdtl.do?&sch_edc_place_id=20210001521
노원구 평생교육원 장미실습장[체험존],"서울특별시 노원구 섬밭로 196 (하계동, 장미아파트)",https://www.xn--2z1bw8k1pjz5ccumkb.kr/edc/crse/plcdtl.do?&sch_edc_place_id=20210001671
서대문구 노인지회[체험존],서울특별시 서대문구 통일로 484 (홍제동),https://www.xn--2z1bw8k1pjz5ccumkb.kr/edc/crse/plcdtl.do?&sch_edc_place_id=20190000217
